time_s,x_m,y_m,z_m
1.780994367069806576e+09,1.400491579639312652e-02,-7.967492233245292432e-01,9.995563283588976278e-02
1.780994367080991268e+09,1.400366384609197726e-02,-7.967745851607036522e-01,1.000089218987322837e-01
1.780994367093777895e+09,1.401700978469445219e-02,-7.967439749172704477e-01,9.999400238238392857e-02
1.780994367108761311e+09,1.400369695558357011e-02,-7.967503559927106016e-01,9.998655604032397060e-02
1.780994367122222424e+09,1.400842169974394168e-02,-7.967575348092894583e-01,1.000019629493571482e-01
1.780994367133612871e+09,1.400915651920320304e-02,-7.967779506107144361e-01,9.999367776761741711e-02
1.780994367145125151e+09,1.401633497166622153e-02,-7.967621444342027903e-01,1.000065794795484964e-01
1.780994367155879021e+09,1.400828837444909741e-02,-7.967505649844427440e-01,9.999882899545953219e-02
1.780994367166864157e+09,1.400659240292620109e-02,-7.967498761276943231e-01,9.997474147602392058e-02
1.780994367178606272e+09,1.398068316032106441e-02,-7.967753466647803373e-01,1.000178088803334586e-01
1.780994367190659046e+09,1.399729028567123744e-02,-7.967506328137364813e-01,9.997353854368057346e-02
1.780994367203781843e+09,1.401520954948643968e-02,-7.967574326509364591e-01,1.000006979265365969e-01
1.780994367214891195e+09,1.401755467365017015e-02,-7.967619525230336119e-01,9.999682574615231800e-02
1.780994367225212097e+09,1.401039227904975551e-02,-7.967484452512791915e-01,9.998921291631690522e-02
1.780994367237156630e+09,1.399680553171007806e-02,-7.967616126516005037e-01,1.000059548086030814e-01
1.780994367252310991e+09,1.400127803254195245e-02,-7.967561472762910713e-01,9.997353871168845885e-02
1.780994367270800591e+09,1.402221521219642816e-02,-7.967632330856562195e-01,1.000144717566597286e-01
1.780994367284027338e+09,1.403490986595394216e-02,-7.967714249532000803e-01,1.000058252140871295e-01
1.780994367294322252e+09,1.399291811137749753e-02,-7.967341546482040737e-01,9.998414120479159894e-02
1.780994367309611559e+09,1.399344347124113416e-02,-7.967475357977936712e-01,9.999742555289170554e-02
1.780994367322665691e+09,1.399742479501437341e-02,-7.967447842450929851e-01,9.998938115650074510e-02
1.780994367336484194e+09,1.400961455780876976e-02,-7.967625289250708231e-01,1.000160924050310096e-01
1.780994367347063780e+09,1.400609529485107377e-02,-7.967669850650396235e-01,1.000082869997657165e-01
1.780994367358051300e+09,1.402049703385642443e-02,-7.967400891534260898e-01,9.996505347191753099e-02
1.780994367368367672e+09,1.400985881411408521e-02,-7.967635515482185404e-01,1.000134218691172139e-01
1.780994367380574703e+09,1.400985881411408521e-02,-7.967635515482185404e-01,1.000134218691172139e-01
1.780994367391467333e+09,1.399498294758568656e-02,-7.967363879651144787e-01,9.997496104276354378e-02
1.780994367408161163e+09,1.400409765245317663e-02,-7.967442006626940243e-01,9.999165617897315395e-02
1.780994367419116974e+09,1.401445438263773137e-02,-7.967763800916315420e-01,9.998847594994192400e-02
1.780994367432131529e+09,1.400904470335427934e-02,-7.967316224089073806e-01,9.999712055070791861e-02
1.780994367447397232e+09,1.400691835539782243e-02,-7.967640192779285035e-01,1.000020927526799608e-01
1.780994367463468790e+09,1.402343831191787613e-02,-7.967487796318383220e-01,9.996381184742880732e-02
1.780994367474415779e+09,1.401730257008095872e-02,-7.967597838259640186e-01,9.999319543502810381e-02
1.780994367491733551e+09,1.401963904623960977e-02,-7.967422047273028385e-01,9.998529692721830342e-02
1.780994367508070469e+09,1.401182668410873300e-02,-7.967496813078475126e-01,9.998574249495362221e-02
1.780994367518305063e+09,1.402432467827073072e-02,-7.967572594994050128e-01,9.998187565531974075e-02
1.780994367528825760e+09,1.400715906555627041e-02,-7.967522485631642892e-01,9.997169312741865932e-02
1.780994367540614843e+09,1.400193599113679771e-02,-7.967586808479452110e-01,1.000185447102756031e-01
1.780994367558093786e+09,1.401009277587175229e-02,-7.967581194369692810e-01,9.998285819507224392e-02
1.780994367568993092e+09,1.400272265837787869e-02,-7.967621954633289372e-01,9.999754200383736968e-02
1.780994367587312222e+09,1.400948277066892816e-02,-7.967507961795295968e-01,9.997869800521130834e-02
1.780994367606828213e+09,1.400943939716177596e-02,-7.967506145911890103e-01,9.999422949841968444e-02
1.780994367616971016e+09,1.402228613727529716e-02,-7.967439561600965225e-01,9.997911152684413327e-02
1.780994367627157450e+09,1.401643068606393643e-02,-7.967351845886211370e-01,9.998857434864366622e-02
1.780994367637328148e+09,1.401910626522813105e-02,-7.967748593546583047e-01,1.000036261941695259e-01
1.780994367647802830e+09,1.401071862719733760e-02,-7.967735629455711122e-01,1.000043835485447397e-01
1.780994367657958984e+09,1.400603027147665457e-02,-7.967522920408931508e-01,9.999442529592561524e-02
1.780994367668117762e+09,1.400254458920992262e-02,-7.967550383095630684e-01,1.000013057923926918e-01
1.780994367678311348e+09,1.399563784492855942e-02,-7.967437144698525930e-01,9.998191619404833697e-02
1.780994367688826561e+09,1.401236865294999863e-02,-7.967391270905691547e-01,9.994882357911993864e-02
1.780994367698976278e+09,1.401559791741680862e-02,-7.967749771631253974e-01,1.000001439209213805e-01
1.780994367709148169e+09,1.401654769280557405e-02,-7.967694466636203732e-01,9.999915690875077479e-02
1.780994367719342232e+09,1.400112900920169254e-02,-7.967511923351618952e-01,9.998535096400956723e-02
1.780994367730376482e+09,1.401796719136496824e-02,-7.967479830110522077e-01,9.998614702508135110e-02
1.780994367740666866e+09,1.401667057672173304e-02,-7.967582962160237869e-01,1.000033718833062690e-01
1.780994367750830173e+09,1.401051865782068293e-02,-7.967489743666503754e-01,1.000027720744968707e-01
1.780994367761081696e+09,1.400811157814328863e-02,-7.967719338795368200e-01,9.999798616008703789e-02
1.780994367771274567e+09,1.400737403379165649e-02,-7.967531485665163560e-01,9.997887995710219577e-02
1.780994367781788111e+09,1.400691759065982034e-02,-7.967576492194388127e-01,1.000002882975222773e-01
1.780994367793256998e+09,1.401523110711710117e-02,-7.967463419540372627e-01,9.998359066877859913e-02
1.780994367803461552e+09,1.401144312971326807e-02,-7.967490135643032767e-01,9.998203076494815988e-02
1.780994367814018488e+09,1.401615256729475331e-02,-7.967403862565316519e-01,9.996674328481025551e-02
1.780994367824460745e+09,1.399920247042617943e-02,-7.967474575605369980e-01,9.998460466509173639e-02
1.780994367834673405e+09,1.399227210849491622e-02,-7.967426313345083999e-01,9.996754168611671210e-02
1.780994367844985485e+09,1.400965391102925763e-02,-7.967515126789810331e-01,9.998503738342345848e-02
1.780994367855188131e+09,1.400127864913210986e-02,-7.967625614929195743e-01,9.999048967097262652e-02
1.780994367865837097e+09,1.398866342859311600e-02,-7.967366237808938267e-01,9.996889623792204471e-02
1.780994367876543760e+09,1.400748417014956171e-02,-7.967536096722751537e-01,9.996271635752551621e-02
1.780994367886744738e+09,1.400815659880217008e-02,-7.967564249163052725e-01,1.000031672077261180e-01
1.780994367896930456e+09,1.400569049124133006e-02,-7.967461001114927166e-01,9.997813710777492258e-02
1.780994367907121420e+09,1.400736145566144723e-02,-7.967530959059019313e-01,9.997162174804447021e-02
1.780994367917296648e+09,1.399898801708016061e-02,-7.967639314087813229e-01,1.000047990423885702e-01
1.780994367928041220e+09,1.401056456391305133e-02,-7.967539041193921756e-01,9.997931094904483063e-02
1.780994367938212633e+09,1.399718549776411518e-02,-7.967567915020745684e-01,9.998254028510522584e-02
1.780994367948476553e+09,1.401181127109403166e-02,-7.967432051445378915e-01,9.998687161938035750e-02
1.780994367958876371e+09,1.399275374045376094e-02,-7.967574271323599744e-01,1.000185854664105700e-01
1.780994367969218016e+09,1.400824971908482333e-02,-7.967347056975860875e-01,9.996830803038769808e-02
1.780994367979855776e+09,1.400096171095126761e-02,-7.967548229388072834e-01,9.999573038632308952e-02
1.780994367990280151e+09,1.400325900661897674e-02,-7.967471011925538749e-01,9.998208995568313995e-02
1.780994368000510693e+09,1.398683255106774638e-02,-7.967241893814636100e-01,9.994985146010676447e-02
1.780994368011450529e+09,1.400954774531733976e-02,-7.967622492025057124e-01,9.999338723165612786e-02
1.780994368023293734e+09,1.400529356318533022e-02,-7.967444383004800290e-01,9.997721677937004836e-02
1.780994368033732414e+09,1.400249300283368768e-02,-7.967612339689050804e-01,1.000029032825294761e-01
1.780994368045955420e+09,1.400959733792730109e-02,-7.967512758289680974e-01,1.000009053034048856e-01
1.780994368056342363e+09,1.399063268891201708e-02,-7.967642897295873494e-01,1.000016388216346530e-01
1.780994368066934824e+09,1.399213755478127125e-02,-7.967420679618461010e-01,9.999248310762393066e-02
1.780994368077289820e+09,1.399678668018914177e-02,-7.967615337208060478e-01,9.998411016223951453e-02
1.780994368088153124e+09,1.399635405785970566e-02,-7.967439787636635407e-01,9.997800756826152879e-02
1.780994368098316908e+09,1.400393309223288939e-02,-7.967625257699407770e-01,1.000214266590503387e-01
1.780994368108488083e+09,1.400040872397425099e-02,-7.967368103079034425e-01,9.998084675685070533e-02
1.780994368118732214e+09,1.400545798059639122e-02,-7.967451266636738083e-01,9.996848916166578558e-02
1.780994368128919363e+09,1.399219360072529936e-02,-7.967575943338475186e-01,9.998579568633730874e-02
1.780994368139095306e+09,1.400166006949283073e-02,-7.967527562911411732e-01,9.999344577207214257e-02
1.780994368149276495e+09,1.400681455923864956e-02,-7.967508062252293133e-01,9.999102023517986160e-02
1.780994368159424305e+09,1.400878596135687534e-02,-7.967414673597417174e-01,9.999249594510517536e-02
1.780994368169592381e+09,1.400115717772386359e-02,-7.967556412957621514e-01,9.999552997096095019e-02
1.780994368179978848e+09,1.402127875417952078e-02,-7.967426579606151638e-01,9.997941073691724023e-02
1.780994368190197706e+09,1.402243600979194427e-02,-7.967666913028376152e-01,1.000173490113744901e-01
1.780994368200445652e+09,1.400795877454403399e-02,-7.967444157886884870e-01,9.999127585692624276e-02
1.780994368210624456e+09,1.400498887136359533e-02,-7.967367510187107760e-01,9.998015961981288058e-02
1.780994368220808029e+09,1.401609418472007582e-02,-7.967401418433249782e-01,9.997155976105004394e-02
1.780994368230985165e+09,1.401341941339052238e-02,-7.967387570830057886e-01,9.997860270105307645e-02
1.780994368242929935e+09,1.400507639143904956e-02,-7.967547101148163557e-01,1.000011372323519332e-01
1.780994368254537582e+09,1.400559064946784241e-02,-7.967568631807605550e-01,9.999347710714578952e-02
1.780994368265355587e+09,1.400935822211181979e-02,-7.967614557293679622e-01,9.999156027671785019e-02
1.780994368276341438e+09,1.401159207532867365e-02,-7.967422874418680356e-01,9.997059656908563463e-02
1.780994368286523581e+09,1.401387522910837492e-02,-7.967518462776250754e-01,9.998187181367756970e-02
1.780994368296694040e+09,1.400830728056987745e-02,-7.967570557727470248e-01,9.998937161741583424e-02
1.780994368306880951e+09,1.402161272123158241e-02,-7.967696559198004236e-01,9.998798315028450956e-02
1.780994368317220211e+09,1.400683222183425961e-02,-7.967511106113178698e-01,9.998002691883989268e-02
1.780994368327428102e+09,1.400848875368004495e-02,-7.967514039082922439e-01,9.998497272936229807e-02
1.780994368337889910e+09,1.401900358593957674e-02,-7.967523217803316182e-01,9.999439809876975449e-02
1.780994368348057508e+09,1.400869512970548403e-02,-7.967539101720105821e-01,9.996963547068826728e-02
1.780994368358283758e+09,1.400561298490973945e-02,-7.967457756172336980e-01,9.997552163540057713e-02
1.780994368368468285e+09,1.400826801375674655e-02,-7.967504797407261030e-01,9.999011171909011342e-02
1.780994368378692627e+09,1.399639150744799200e-02,-7.967598791435142047e-01,9.997374833224093038e-02
1.780994368388915539e+09,1.401495141104792085e-02,-7.967501613647475223e-01,9.999631050641721863e-02
1.780994368399175167e+09,1.401904799488639698e-02,-7.967673124530467721e-01,9.997698016606670901e-02
1.780994368409517527e+09,1.400480890606193435e-02,-7.967424091958781318e-01,9.996314441373177484e-02
1.780994368420073032e+09,1.401298740265235349e-02,-7.967556545451037753e-01,9.997665413910467036e-02
1.780994368430532694e+09,1.402529346121928096e-02,-7.967565460414615108e-01,1.000049958175534548e-01
1.780994368441417694e+09,1.398575385660593730e-02,-7.967500531463781455e-01,9.996340650598811717e-02
1.780994368452727079e+09,1.399220311559672310e-02,-7.967423424631597806e-01,9.999508420887581739e-02
1.780994368463165522e+09,1.400422804115778255e-02,-7.967511582906399159e-01,9.998698702504266178e-02
1.780994368473825455e+09,1.401198724922856839e-02,-7.967439419087892771e-01,9.997928404240963296e-02
1.780994368485634565e+09,1.398762936011946692e-02,-7.967517148753463507e-01,9.999654473396446530e-02
1.780994368497364998e+09,1.400757260566934739e-02,-7.967475682891408395e-01,1.000033720139487103e-01
1.780994368508435488e+09,1.401518291073704757e-02,-7.967685023925594745e-01,9.999657936632355693e-02
1.780994368518659592e+09,1.402076832197881456e-02,-7.967361806789834411e-01,9.996679077461295693e-02
1.780994368529012680e+09,1.401250287053217199e-02,-7.967461006505254240e-01,9.998102186295626526e-02
1.780994368539288044e+09,1.400734960571489544e-02,-7.967421180850592366e-01,9.997943339970050136e-02
1.780994368549503326e+09,1.400864720203691578e-02,-7.967632484552855665e-01,9.999124765607203535e-02
1.780994368560432434e+09,1.399766454844324215e-02,-7.967430987905532724e-01,9.998567025645449524e-02
1.780994368570658445e+09,1.401151010181514098e-02,-7.967371750675930064e-01,9.997183861122338477e-02
1.780994368581023932e+09,1.399488443841658859e-02,-7.967535690873366327e-01,9.996704716234250387e-02
1.780994368591318369e+09,1.401007916422390698e-02,-7.967580624493464381e-01,1.000051059913357188e-01
1.780994368601512671e+09,1.401038386458590586e-02,-7.967657497668708677e-01,9.999940815542457395e-02
1.780994368612367153e+09,1.400750113950511092e-02,-7.967424998452269369e-01,9.996030145687240243e-02
1.780994368627413034e+09,1.397958678276095719e-02,-7.967465634293735555e-01,9.997931944275761929e-02
1.780994368637814283e+09,1.400871685305176730e-02,-7.967475895744273728e-01,9.996092354411562075e-02
1.780994368649416924e+09,1.400127803254195245e-02,-7.967561472762910713e-01,9.997353871168845885e-02
1.780994368661094666e+09,1.400491118426658299e-02,-7.967364257676449180e-01,9.999195625470408411e-02
1.780994368671598434e+09,1.401309795399698077e-02,-7.967438227994033673e-01,9.996842052718529770e-02
1.780994368683451653e+09,1.401047638566292088e-02,-7.967312047717282075e-01,9.997196080269438179e-02
1.780994368695094109e+09,1.400676638642011154e-02,-7.967506045410219784e-01,9.996678445171003347e-02
1.780994368705397844e+09,1.399879651645053250e-02,-7.967480143928781233e-01,9.997219406482965587e-02
1.780994368716319561e+09,1.402773639504594112e-02,-7.967446654424285013e-01,9.998434447016113502e-02
1.780994368726677418e+09,1.400988566956596314e-02,-7.967524829636296602e-01,9.997998574279731709e-02
1.780994368737027884e+09,1.400723409076230774e-02,-7.967635353951150190e-01,9.998778864471624672e-02
1.780994368748015404e+09,1.401098246918305174e-02,-7.967682559331564773e-01,9.999051233450678700e-02
1.780994368758677006e+09,1.401645339941161132e-02,-7.967405311718630534e-01,9.999388683452059556e-02
1.780994368768965960e+09,1.400772260297422980e-02,-7.967546079143692506e-01,9.997357978583842897e-02
1.780994368779343128e+09,1.399526992286901500e-02,-7.967551831000324603e-01,1.000041058672360705e-01
1.780994368790510178e+09,1.400620752999201350e-02,-7.967418531532128867e-01,9.998150612551687244e-02
1.780994368800743818e+09,1.401044562379061276e-02,-7.967618992531694255e-01,1.000031952278782610e-01
1.780994368811033964e+09,1.399083657943394135e-02,-7.967587313560871021e-01,9.999193733178129984e-02
1.780994368821468353e+09,1.401084528219826222e-02,-7.967740932096130102e-01,9.999373422930718514e-02
1.780994368832411289e+09,1.400591451003032478e-02,-7.967538563422232878e-01,9.998163472408055918e-02
1.780994368842628241e+09,1.401416941333937481e-02,-7.967414143695589201e-01,9.998549763468067564e-02
1.780994368852829933e+09,1.400958161430723020e-02,-7.967512100001646891e-01,9.996736909320919073e-02
1.780994368863044024e+09,1.400852575521839213e-02,-7.967515588219170608e-01,9.998714901605559868e-02
1.780994368873807907e+09,1.399994562245911525e-02,-7.967679406559181610e-01,1.000013498321564165e-01
1.780994368884692430e+09,1.401225585587808665e-02,-7.967619220768263899e-01,1.000056917046887595e-01
1.780994368895011187e+09,1.401239448400875935e-02,-7.967741675883086572e-01,9.999754160096246958e-02
1.780994368905302286e+09,1.401024144184598481e-02,-7.967587418539271438e-01,1.000228816265060217e-01
1.780994368915524960e+09,1.401554504077899554e-02,-7.967588372458402901e-01,9.998761248356824449e-02
1.780994368925925493e+09,1.399977797373896764e-02,-7.967560575534149425e-01,9.998862330133900800e-02
1.780994368936100721e+09,1.401303767254491461e-02,-7.967656791985870957e-01,1.000051211577950849e-01
1.780994368946629286e+09,1.400167458016510387e-02,-7.967592285874911529e-01,9.998931242668190889e-02
1.780994368958242655e+09,1.400940092057759330e-02,-7.967442946886326149e-01,9.995638756414776394e-02
1.780994368968766928e+09,1.400640849915622821e-02,-7.967666990309610897e-01,9.999827514830295083e-02
1.780994368979037762e+09,1.402057485164934225e-02,-7.967577863762081991e-01,9.999676886586678082e-02
1.780994368989320755e+09,1.399949892909906936e-02,-7.967728898316629449e-01,9.999711079388046153e-02
1.780994368999500275e+09,1.400084372483840697e-02,-7.967479173336056153e-01,9.998477025467078505e-02
1.780994369009886026e+09,1.403651449624615175e-02,-7.967559902760373847e-01,1.000056426549193467e-01
1.780994369020052195e+09,1.401094935033644039e-02,-7.967617056407080289e-01,9.997648673722053791e-02
1.780994369030276299e+09,1.401170269565476210e-02,-7.967427505738470250e-01,9.997513567087557007e-02
1.780994369041439056e+09,1.401731924403416298e-02,-7.967388592023094684e-01,9.997670434695099528e-02
1.780994369053445339e+09,1.399621138464627462e-02,-7.967591249743459780e-01,9.999322822285172663e-02
1.780994369068369150e+09,1.401809573731233050e-02,-7.967583350686929800e-01,9.999556608070470087e-02
1.780994369080944300e+09,1.401727244595887649e-02,-7.967487296250892470e-01,9.999946186619268484e-02
1.780994369091254711e+09,1.402284173130669692e-02,-7.967446398618521775e-01,9.999889372801556986e-02
1.780994369101532221e+09,1.400931830228700596e-02,-7.967612885978097026e-01,1.000025613845010874e-01
1.780994369112069130e+09,1.401317169958631904e-02,-7.967710099073165297e-01,1.000128749887851942e-01
1.780994369122577429e+09,1.400102162578692640e-02,-7.967571099122469080e-01,9.999334668398163206e-02
1.780994369132782698e+09,1.400285284309417226e-02,-7.967579710673157178e-01,9.998004790753584059e-02
1.780994369143024683e+09,1.401172914716426049e-02,-7.967713820354144216e-01,9.999882057884068587e-02
1.780994369153225183e+09,1.400847740774493859e-02,-7.967401755633867211e-01,9.996710565798883064e-02
1.780994369164818525e+09,1.400120979735687381e-02,-7.967558615973616698e-01,9.997665413910467036e-02
1.780994369175079107e+09,1.399750730045562497e-02,-7.967515413987570350e-01,9.999654473396446530e-02
1.780994369187229872e+09,1.401094073958175819e-02,-7.967406751426855394e-01,9.997093264431722304e-02
1.780994369200176716e+09,1.400486120808141013e-02,-7.967426281677311151e-01,9.997309323893732724e-02
1.780994369210482121e+09,1.402173808459940621e-02,-7.967701807418537951e-01,9.997876568780045270e-02
1.780994369220994234e+09,1.400242666453820756e-02,-7.967721375094274361e-01,9.999573364329450431e-02
1.780994369232433558e+09,1.401304436886283492e-02,-7.967768884486540193e-01,9.998851337526826200e-02
1.780994369242667675e+09,1.400484637256151771e-02,-7.967425660561471279e-01,9.997463487732560772e-02
1.780994369252860069e+09,1.401543813260698081e-02,-7.967407971466441419e-01,9.997469627029914596e-02
1.780994369263020277e+09,1.400217657550142762e-02,-7.967487282471278354e-01,9.998995249747377745e-02
1.780994369273226261e+09,1.401170405830517995e-02,-7.967365657358465025e-01,9.995268522612005269e-02
1.780994369283410072e+09,1.400741281534660654e-02,-7.967533109325020124e-01,1.000002674725757879e-01
1.780994369293879032e+09,1.400604157269234179e-02,-7.967411583429970801e-01,9.997638247315066007e-02
1.780994369304052591e+09,1.401451918214233379e-02,-7.967545423033334240e-01,9.999417712820107829e-02
1.780994369314213991e+09,1.399522137123833908e-02,-7.967433921491774429e-01,9.997966416468417883e-02
1.780994369324376822e+09,1.400599066650655769e-02,-7.967361760705609086e-01,9.998638454082398042e-02
1.780994369334540606e+09,1.400845846820457895e-02,-7.967465078155663294e-01,9.999095401688967710e-02
1.780994369344707012e+09,1.400752146567513234e-02,-7.967537658167305192e-01,9.997781895490082116e-02
1.780994369354909182e+09,1.399596321486427757e-02,-7.967580858943615896e-01,9.999145133216547077e-02
1.780994369365211248e+09,1.401190352460644946e-02,-7.967721120980778560e-01,9.999094592057150566e-02
1.780994369375508070e+09,1.401675881174652138e-02,-7.967427482949058781e-01,9.997010649082210820e-02
1.780994369385989666e+09,1.400614355183808779e-02,-7.967479969315276467e-01,9.996382755800992115e-02
1.780994369396202564e+09,1.399765625075525925e-02,-7.967715866455943319e-01,9.999510405249600886e-02
1.780994369406494617e+09,1.402448413280668084e-02,-7.967531578635035361e-01,9.999241597932334580e-02
1.780994369416762114e+09,1.400585390771909647e-02,-7.967420150586024263e-01,9.999335928987074240e-02
1.780994369427012920e+09,1.401710951428530340e-02,-7.967306759395961224e-01,9.996532499357491108e-02
1.780994369437173367e+09,1.399770608902999383e-02,-7.967542014815091056e-01,9.998041650728006768e-02
1.780994369447989941e+09,1.398444846665214403e-02,-7.967448086203334778e-01,9.997378509190096851e-02
1.780994369459572315e+09,1.401213941234186189e-02,-7.967445789671518952e-01,9.997118005679161978e-02
1.780994369473406553e+09,1.401261653347372037e-02,-7.967465765209635897e-01,9.997175437148725363e-02
1.780994369483968496e+09,1.399833618709462116e-02,-7.967744335201629724e-01,1.000089763803405085e-01
1.780994369495435238e+09,1.400522852025983499e-02,-7.967553470390154047e-01,9.997133216077486173e-02
1.780994369507241488e+09,1.401011724328854111e-02,-7.967598640194857307e-01,9.999381434482390585e-02
1.780994369519510984e+09,1.399949176366732488e-02,-7.967486687389528921e-01,9.997679315838869929e-02
1.780994369531208038e+09,1.400219797895758088e-02,-7.967599987981508480e-01,9.999065759464809133e-02
1.780994369541687012e+09,1.400779651926048822e-02,-7.967613290128063852e-01,9.998681298294004316e-02
1.780994369552607536e+09,1.399531322741911360e-02,-7.967489523581396949e-01,9.998708700799679994e-02
1.780994369562912941e+09,1.399431822378268027e-02,-7.967396109591984299e-01,9.997673031423870427e-02
1.780994369573143005e+09,1.401042580531899201e-02,-7.967419663523351847e-01,9.996752714019951913e-02
1.780994369583373070e+09,1.402365806468005953e-02,-7.967606268704886530e-01,1.000004029326168054e-01
1.780994369593877792e+09,1.399618160520847351e-02,-7.967410007068679301e-01,9.996534844048698965e-02
1.780994369604383945e+09,1.401611899158706522e-02,-7.967705260092992070e-01,9.999401367428756293e-02
1.780994369614706993e+09,1.400064230839066955e-02,-7.967470740672606411e-01,9.998424281494611154e-02
1.780994369624956369e+09,1.400928578105589684e-02,-7.967675640763521860e-01,1.000132652903154007e-01
1.780994369635153770e+09,1.401471792856453201e-02,-7.967455604942913494e-01,9.995368453426589639e-02
1.780994369645331621e+09,1.401866084065686059e-02,-7.967808265473770302e-01,1.000103625555829323e-01
1.780994369655552149e+09,1.401600843970859760e-02,-7.967543657153719483e-01,9.998803434620423536e-02
1.780994369665909290e+09,1.399424341064807974e-02,-7.967380610083281134e-01,9.998058166555878756e-02
1.780994369676072598e+09,1.401748504697689079e-02,-7.967571449487022006e-01,9.999196559115935967e-02
1.780994369686287642e+09,1.401079483024992960e-02,-7.967453612652602990e-01,9.999098592742367009e-02
1.780994369696453333e+09,1.400309242109917807e-02,-7.967464037418783285e-01,9.997440510387384238e-02
1.780994369706787825e+09,1.401112569597195295e-02,-7.967752672125342217e-01,1.000129583384911647e-01
1.780994369717054367e+09,1.399477924417888257e-02,-7.967467165851435107e-01,9.997951603371846296e-02
1.780994369727292061e+09,1.399004594067366700e-02,-7.967333104316695058e-01,9.997191035599323206e-02
1.780994369737632990e+09,1.401559306420291882e-02,-7.967699661045509751e-01,1.000079860306253288e-01
1.780994369748188734e+09,1.400653561040858704e-02,-7.967496383555596751e-01,9.998656343270051483e-02
1.780994369758474350e+09,1.401594213987822010e-02,-7.967395053217674050e-01,9.996525153512170192e-02
1.780994369768716574e+09,1.400113477641306767e-02,-7.967270267883612700e-01,9.999523069674232101e-02
1.780994369778979778e+09,1.399655537232316616e-02,-7.967653351229136982e-01,1.000021581383268576e-01
1.780994369789324522e+09,1.401014701044726862e-02,-7.967647581342309770e-01,9.999783921647120710e-02
1.780994369800219297e+09,1.401519982632854280e-02,-7.967428089330639285e-01,9.999455703443049792e-02
1.780994369810459852e+09,1.401831543165523407e-02,-7.967321019769983970e-01,9.996230977875752988e-02
1.780994369820633650e+09,1.402561379828594357e-02,-7.967441715819787440e-01,9.999864495446247892e-02
1.780994369830916405e+09,1.401166522025826776e-02,-7.967425936763293803e-01,9.998129114653436789e-02
1.780994369841099977e+09,1.401438782513314205e-02,-7.967539923534846524e-01,1.000030269171781616e-01
1.780994369851330519e+09,1.401186474917825130e-02,-7.967434290401987917e-01,9.996932602041780358e-02
1.780994369863217592e+09,1.400805405059555447e-02,-7.967607650829380272e-01,9.996675258595044689e-02
1.780994369874214888e+09,1.399688816740013962e-02,-7.967398481046885639e-01,1.000099202092996631e-01
1.780994369887573242e+09,1.401001897686956175e-02,-7.967468823311766313e-01,1.000030938790151813e-01
1.780994369898390055e+09,1.402064542721691981e-02,-7.967703757814154075e-01,1.000258045176117272e-01
1.780994369908646107e+09,1.400403126503827964e-02,-7.967761681126143136e-01,9.999672098286749300e-02
1.780994369918814659e+09,1.401865748758416609e-02,-7.967606869029468797e-01,9.998483293350035606e-02
1.780994369929056406e+09,1.401293678501945063e-02,-7.967442624523337624e-01,9.999080759559320075e-02
1.780994369939309835e+09,1.401737206023311900e-02,-7.967454915500435941e-01,9.998910911470909602e-02
1.780994369949489832e+09,1.402021631859538819e-02,-7.967400599805299910e-01,9.997128594403964508e-02
1.780994369959965467e+09,1.400922166974960005e-02,-7.967544723938206896e-01,9.997445367798585281e-02
1.780994369970511675e+09,1.400891915325811615e-02,-7.967484365282762049e-01,1.000022426678023879e-01
1.780994369980707645e+09,1.400899377673973586e-02,-7.967487489483480179e-01,9.997198405550633549e-02
1.780994369991010904e+09,1.400669217983712030e-02,-7.967502938617567754e-01,9.997241481989738165e-02
1.780994370001440287e+09,1.400131935522740470e-02,-7.967408077052309245e-01,9.996067787333418053e-02
1.780994370013040066e+09,1.402191554420833750e-02,-7.967535850619980042e-01,9.998971821817864702e-02
1.780994370023384094e+09,1.399427241517197003e-02,-7.967332286287494014e-01,9.997132220531446123e-02
1.780994370034800529e+09,1.401430367663188820e-02,-7.967600516845215752e-01,9.998945171322271008e-02
1.780994370046144009e+09,1.401345454638100452e-02,-7.967500850133892865e-01,9.996339499679107732e-02
1.780994370056828499e+09,1.400070042118250167e-02,-7.967425481516916541e-01,9.995746709872804781e-02
1.780994370067717791e+09,1.400403083188713795e-02,-7.967391516477840829e-01,9.997981773635772340e-02
1.780994370079275370e+09,1.400773835764030500e-02,-7.967434929871335392e-01,9.996795069670100231e-02
1.780994370089591980e+09,1.398212980559468410e-02,-7.967512821765764253e-01,9.999716580961615087e-02
1.780994370100572824e+09,1.400322571296543084e-02,-7.967421925065231170e-01,9.998639342390969187e-02
1.780994370110815525e+09,1.400770154015706058e-02,-7.967545197310801353e-01,9.999324440889112431e-02
1.780994370121075630e+09,1.399100283262052873e-02,-7.967722515686049833e-01,1.000009370672922948e-01
1.780994370131339788e+09,1.402082692588025106e-02,-7.967588417305140336e-01,9.999951910929955057e-02
1.780994370141584158e+09,1.400548392233486733e-02,-7.967340545258805307e-01,9.996523715577748659e-02
1.780994370152089834e+09,1.401742367525368738e-02,-7.967521188692939793e-01,9.998882627440985882e-02
1.780994370162325621e+09,1.399936790475063940e-02,-7.967438186397374222e-01,9.999843932689689296e-02
1.780994370172502041e+09,1.399382841987773310e-02,-7.967427355102024711e-01,9.997340933711135191e-02
1.780994370182734489e+09,1.401114481879194712e-02,-7.967689356391229882e-01,9.998910900041735328e-02
1.780994370192943096e+09,1.401155412718569498e-02,-7.967594681596824602e-01,9.999512319540365679e-02
1.780994370203159332e+09,1.401384105836478086e-02,-7.967405223497856515e-01,9.998904135402847393e-02
1.780994370213391304e+09,1.400449332173064540e-02,-7.967543498916762612e-01,9.999330237583792247e-02
1.780994370223626137e+09,1.401869847633676301e-02,-7.967574557051980699e-01,1.000063723589698639e-01
1.780994370234132051e+09,1.402080743039733554e-02,-7.967534621693689312e-01,9.998042216530461657e-02
1.780994370244374752e+09,1.400091467752286045e-02,-7.967546260248623557e-01,9.996440853814253513e-02
1.780994370254566669e+09,1.399805960300560224e-02,-7.967538537473152216e-01,9.997734712140915470e-02
1.780994370264872074e+09,1.399935008390956227e-02,-7.967437440243708702e-01,9.996410611977379901e-02
1.780994370275223017e+09,1.400844521782309421e-02,-7.967355241883712358e-01,9.997014214373373120e-02
1.780994370285453558e+09,1.400027911447414807e-02,-7.967519651253425206e-01,9.996585062936264032e-02
1.780994370296074867e+09,1.399903532122756013e-02,-7.967467577602211914e-01,9.995742546038727250e-02
1.780994370306336164e+09,1.402842288701631503e-02,-7.967632358536872461e-01,1.000057446797397720e-01
1.780994370316543818e+09,1.400882012218367979e-02,-7.967656145113612975e-01,1.000000566890513198e-01
1.780994370326844692e+09,1.401332865671164885e-02,-7.967780786710902952e-01,1.000070748503984475e-01
1.780994370337090492e+09,1.400382052415884149e-02,-7.967491992880708640e-01,9.999135295043021232e-02
1.780994370347318888e+09,1.399830534492298162e-02,-7.967807164419633548e-01,9.999633700097321221e-02
1.780994370357755423e+09,1.400458464242348294e-02,-7.967478819101936338e-01,9.997854065836986326e-02
1.780994370368571758e+09,1.401482484381379873e-02,-7.967460080916279885e-01,9.997282743078922396e-02
1.780994370378815174e+09,1.401549758172782392e-02,-7.967524480069660964e-01,9.999115773682309971e-02
1.780994370389034748e+09,1.401318179865868041e-02,-7.967489431057770410e-01,9.997403358887507752e-02
1.780994370399274349e+09,1.400827654786866196e-02,-7.967633387392929478e-01,9.999243533624135871e-02
1.780994370409593344e+09,1.400988566956596314e-02,-7.967524829636296602e-01,9.997998574279731709e-02
1.780994370420418024e+09,1.399702338796860422e-02,-7.967404142694533009e-01,9.995418992965077187e-02
1.780994370430603027e+09,1.399637698261006237e-02,-7.967356281453622513e-01,9.996519249243024374e-02
1.780994370440754414e+09,1.399491234130370750e-02,-7.967536859159498608e-01,9.998926270455948950e-02
1.780994370450998068e+09,1.401857379098526805e-02,-7.967726302008749650e-01,1.000013863423716010e-01
1.780994370461281538e+09,1.402495472652340314e-02,-7.967425265631757902e-01,1.000052993153541236e-01
1.780994370471466780e+09,1.401423155438225043e-02,-7.967544518320961444e-01,9.998923085525524002e-02
1.780994370482038260e+09,1.400249761490601763e-02,-7.967633347056010118e-01,1.000121544231299953e-01
1.780994370492251158e+09,1.400885381106012177e-02,-7.967372348377714797e-01,9.997507579320008553e-02
1.780994370502437353e+09,1.400388710172234194e-02,-7.967627403919435025e-01,9.999647116698967553e-02
1.780994370512660980e+09,1.399922980931917610e-02,-7.967539836549137888e-01,9.998348994198164030e-02
1.780994370522868156e+09,1.400310784640878235e-02,-7.967352874023390097e-01,9.996269571382848662e-02
1.780994370533092260e+09,1.401853236295711770e-02,-7.967601630538301283e-01,1.000022926146607594e-01
1.780994370543314219e+09,1.401153888873376760e-02,-7.967529928172774056e-01,9.998183988538639211e-02
1.780994370553673744e+09,1.399619535595924766e-02,-7.967460486249782203e-01,9.999123478277688326e-02
1.780994370563995123e+09,1.399698990129792306e-02,-7.967381942401747796e-01,9.996837712381795304e-02
1.780994370574202538e+09,1.398987455585793717e-02,-7.967390049051850109e-01,9.998373022100476293e-02
1.780994370584382057e+09,1.398472607788239612e-02,-7.967507406083634836e-01,9.997350623819822868e-02
1.780994370594641447e+09,1.400134392793734445e-02,-7.967564231592678681e-01,9.998222032796794112e-02
1.780994370604865074e+09,1.401732187778857198e-02,-7.967452814659172766e-01,9.997255662593917958e-02
1.780994370615085840e+09,1.399629612100671515e-02,-7.967594797631339931e-01,9.997003033635021296e-02
1.780994370625315666e+09,1.400598240864205091e-02,-7.967649150996972685e-01,1.000009597588489285e-01
1.780994370635624409e+09,1.400097728244052361e-02,-7.967548881316598441e-01,9.996700608819153455e-02
1.780994370646004915e+09,1.400119898887463438e-02,-7.967735958778849881e-01,1.000069119624649172e-01
1.780994370656213522e+09,1.400548699658621908e-02,-7.967673572295979056e-01,1.000092608775533520e-01
1.780994370666386127e+09,1.400087106848552782e-02,-7.967544434477495940e-01,9.998365545197601678e-02
1.780994370676563263e+09,1.402034914446224217e-02,-7.967579548356609198e-01,9.997376032963417591e-02
1.780994370686735630e+09,1.400523910785865175e-02,-7.967506219479688623e-01,9.999894297660477660e-02
1.780994370696906567e+09,1.400071905583153385e-02,-7.967538070193118660e-01,9.997734712140915470e-02
1.780994370707124949e+09,1.401927728121669763e-02,-7.967682724016895701e-01,1.000010374880686559e-01
1.780994370717345715e+09,1.400439125528842033e-02,-7.967534838947057940e-01,9.998256481087985925e-02
1.780994370728287697e+09,1.400890690775820867e-02,-7.967595662202954232e-01,9.996631257963789485e-02
1.780994370738643646e+09,1.402718240392562300e-02,-7.967404512687692453e-01,9.997277261226034106e-02
1.780994370748821974e+09,1.400271840811414398e-02,-7.967464802178060301e-01,9.997550674478505872e-02
1.780994370759050846e+09,1.398575051521653949e-02,-7.967390787341864788e-01,9.995451009805822462e-02
1.780994370769326448e+09,1.401366437357524225e-02,-7.967383613161928002e-01,9.996715940219841334e-02
1.780994370779797077e+09,1.402541573527522380e-02,-7.967554158487031302e-01,9.996668137316755409e-02
1.780994370790009737e+09,1.400994642408780883e-02,-7.967418092595955903e-01,9.997683588425826384e-02
1.780994370800165415e+09,1.401079321019936888e-02,-7.967674635662310711e-01,1.000228423672974154e-01
1.780994370810367584e+09,1.399047564972648490e-02,-7.967336880793775000e-01,9.996525533727940172e-02
1.780994370820560932e+09,1.400570870820502453e-02,-7.967525880146535400e-01,9.999142382066061874e-02
1.780994370830755234e+09,1.402635061038950276e-02,-7.967654876475660508e-01,1.000088376633367360e-01
1.780994370840919733e+09,1.400786719893603108e-02,-7.967552132914847984e-01,9.999228745397176210e-02
1.780994370851099730e+09,1.401041729376437117e-02,-7.967547086714981130e-01,1.000072971645142861e-01
1.780994370861322641e+09,1.401407159655969695e-02,-7.967462567716327992e-01,9.997785129895869760e-02
1.780994370871644258e+09,1.401600557692895405e-02,-7.967509511937670430e-01,9.998698702504266178e-02
1.780994370882061005e+09,1.402271497360090685e-02,-7.967678591588204240e-01,1.000013128110285865e-01
1.780994370892257929e+09,1.399325264155381471e-02,-7.967572587949720564e-01,9.998647405981375691e-02
1.780994370902442932e+09,1.398880935816977644e-02,-7.967281328950701624e-01,9.996795298639937766e-02
1.780994370912780285e+09,1.402354507755210547e-02,-7.967727550898330291e-01,1.000224958598672220e-01
1.780994370923054934e+09,1.400803042693548120e-02,-7.967623083095438652e-01,1.000092316305042361e-01
1.780994370933254719e+09,1.400653262841916255e-02,-7.967496258709221291e-01,9.998655984295767851e-02
1.780994370943487644e+09,1.400799925269955587e-02,-7.967445852552956786e-01,9.998512397649678141e-02
1.780994370953908920e+09,1.399691531577595786e-02,-7.967684843714141207e-01,1.000002619330594422e-01
1.780994370964093924e+09,1.402538135625899622e-02,-7.967552719220301061e-01,9.999201962778386799e-02
1.780994370974292755e+09,1.400603971074740849e-02,-7.967523315606893641e-01,9.998154751035559507e-02
1.780994370984457016e+09,1.399155262484168966e-02,-7.967396188764350740e-01,9.997125528604650091e-02
1.780994370994723320e+09,1.399909985516748639e-02,-7.967470279432186109e-01,9.997251555178782167e-02
1.780994371005008698e+09,1.400681965684702490e-02,-7.967444159328738174e-01,9.999425369955405873e-02
1.780994371015245199e+09,1.402014651876532826e-02,-7.967459263279847992e-01,9.998724326468966250e-02
1.780994371025516510e+09,1.399317661185586585e-02,-7.967478397990830352e-01,9.998738147058156001e-02
1.780994371036546230e+09,1.400754841835436665e-02,-7.967538786589911659e-01,9.999378744588716117e-02
1.780994371046763182e+09,1.400230100084215099e-02,-7.967625114879762771e-01,1.000053045785980754e-01
1.780994371057007074e+09,1.401119659589021918e-02,-7.967470433296934829e-01,9.997093867986689419e-02
1.780994371067189455e+09,1.400184001343272866e-02,-7.967411602334756315e-01,9.997037545831305438e-02
1.780994371077406168e+09,1.401732508852155876e-02,-7.967662897372852493e-01,9.997742266484155316e-02
1.780994371088206291e+09,1.400814229790914647e-02,-7.967451841310606575e-01,9.995747012397138143e-02
1.780994371098421574e+09,1.401007600521352037e-02,-7.967708724925443020e-01,9.999575829417828299e-02
1.780994371108608723e+09,1.400955889462071093e-02,-7.967558842466643254e-01,1.000100419165970145e-01
1.780994371118797541e+09,1.401544197338473567e-02,-7.967584057355746596e-01,9.999116705601124311e-02
1.780994371129129887e+09,1.400594871782155117e-02,-7.967471812237202355e-01,9.996815646944562372e-02
1.780994371139324188e+09,1.398954562863012271e-02,-7.967488093802240767e-01,9.999926840556078167e-02
1.780994371150094509e+09,1.400816221685397336e-02,-7.967564484372943179e-01,1.000045330893348239e-01
1.780994371160513878e+09,1.400064841696548566e-02,-7.967470996419127038e-01,9.997019805607665344e-02
1.780994371170795918e+09,1.401365115582616644e-02,-7.967461388445863379e-01,9.998473734440915806e-02
1.780994371181109428e+09,1.400946080792653085e-02,-7.967554735889994522e-01,9.999154764048323596e-02
1.780994371191295147e+09,1.400636799652261316e-02,-7.967279430183665800e-01,9.997000639609648909e-02
1.780994371201515198e+09,1.399840101168426526e-02,-7.967267620187027388e-01,9.997556681792668654e-02
1.780994371212286711e+09,1.400760017904608204e-02,-7.967540953644777213e-01,9.998784499534363324e-02
1.780994371222972393e+09,1.400217779160435431e-02,-7.967535026451243452e-01,9.999882966660122996e-02
1.780994371233316660e+09,1.400064734919906177e-02,-7.967535068065410009e-01,9.998879085307377235e-02
1.780994371243534803e+09,1.401173455890090958e-02,-7.967540650313770234e-01,9.998898201024591925e-02
1.780994371254096270e+09,1.401513512362369263e-02,-7.967680488819085527e-01,1.000111134233300225e-01
1.780994371264308691e+09,1.402138685700976550e-02,-7.967547743500155155e-01,9.999153019611012327e-02
1.780994371274533749e+09,1.400056356348158663e-02,-7.967246353022322536e-01,9.999258396753063494e-02
1.780994371284826517e+09,1.400465642583669998e-02,-7.967702915301355659e-01,1.000284479773129176e-01
1.780994371295066357e+09,1.399068058521433892e-02,-7.967644902700750098e-01,9.998980592154976810e-02
1.780994371305290937e+09,1.401012632467850752e-02,-7.967710831640747449e-01,1.000136019980553126e-01
1.780994371315578699e+09,1.399049744625116727e-02,-7.967352008729823298e-01,9.996641329537797604e-02
1.780994371326261520e+09,1.402379211564292426e-02,-7.967502607981534757e-01,9.997816917196050701e-02
1.780994371336438179e+09,1.399144461088026349e-02,-7.967455786819576113e-01,9.998241693729742474e-02
1.780994371346640587e+09,1.400596469206753271e-02,-7.967472481027865205e-01,9.998999716130213544e-02
1.780994371356930017e+09,1.398844546210678552e-02,-7.967551318717011055e-01,9.996129310610496477e-02
1.780994371367098808e+09,1.401019953602039916e-02,-7.967537970028315542e-01,1.000140757347816600e-01
1.780994371377309322e+09,1.401723751567382666e-02,-7.967659230977377494e-01,9.998872655495633088e-02
1.780994371387508154e+09,1.399819165378175627e-02,-7.967432255940480879e-01,9.997018388584993920e-02
1.780994371398192406e+09,1.400679695886331011e-02,-7.967507325380785987e-01,9.996217400836981959e-02
1.780994371408376932e+09,1.400965198361507971e-02,-7.967517575484615033e-01,9.998372843666009091e-02
1.780994371418710709e+09,1.400738099242518700e-02,-7.967531777000926851e-01,1.000007100214971301e-01
1.780994371428968668e+09,1.400505368452862817e-02,-7.967434340051490205e-01,9.997324960607861799e-02
1.780994371439624548e+09,1.400882025190999108e-02,-7.967722132873671370e-01,1.000204743886329295e-01
1.780994371450699568e+09,1.400581372032872092e-02,-7.967594393015693388e-01,9.997923278926529322e-02
1.780994371460978985e+09,1.400075299257548880e-02,-7.967601396459138563e-01,9.999592244398630703e-02
1.780994371471272230e+09,1.400104757418880845e-02,-7.967444393127957047e-01,9.999964992738102909e-02
1.780994371481646299e+09,1.400962764083670507e-02,-7.967801767482436404e-01,1.000196861976566653e-01
1.780994371492092133e+09,1.402302972926888769e-02,-7.967470691386641102e-01,9.999619051871749820e-02
1.780994371502284288e+09,1.398929498575268021e-02,-7.967538741391061441e-01,1.000128030506881593e-01
1.780994371512581587e+09,1.400491184137183862e-02,-7.967428401531487792e-01,9.997400223445823686e-02
1.780994371522806883e+09,1.401242597055162714e-02,-7.967615209507125096e-01,9.999944594373888496e-02
1.780994371533039808e+09,1.401484153813018288e-02,-7.967623035388503583e-01,1.000053081688723200e-01
1.780994371543290377e+09,1.403249442822220895e-02,-7.967519831086817828e-01,1.000004667272086367e-01
1.780994371553598404e+09,1.400551353273735491e-02,-7.967611015343856185e-01,9.998105867690754156e-02
1.780994371564137936e+09,1.400140125343008780e-02,-7.967502515277739006e-01,9.996013743480336444e-02
1.780994371574573994e+09,1.400472706233484022e-02,-7.967420665423293746e-01,9.996752714019951913e-02
1.780994371584875584e+09,1.402249022832618812e-02,-7.967541407338439852e-01,9.999853967779170905e-02
1.780994371595080614e+09,1.401992976583254190e-02,-7.967710041464072246e-01,1.000281268790030875e-01
1.780994371605303049e+09,1.401129746563359833e-02,-7.967522350344189430e-01,9.999190143195019198e-02
1.780994371615547180e+09,1.401199913375355231e-02,-7.967725123830441403e-01,1.000032667009165821e-01
1.780994371626377821e+09,1.399986208206799136e-02,-7.967629975919290342e-01,1.000055570129610993e-01
1.780994371636553764e+09,1.400964931507795233e-02,-7.967690860772089767e-01,1.000079831168422251e-01
1.780994371646714926e+09,1.400115001620236971e-02,-7.967556113127587381e-01,9.998847257214260598e-02
1.780994371656885862e+09,1.400793633842962495e-02,-7.967619143910166235e-01,1.000075195342313705e-01
1.780994371667079926e+09,1.400989484300816518e-02,-7.967543716546878763e-01,9.998920753988888022e-02
1.780994371677431345e+09,1.398466687955263882e-02,-7.967678336535476413e-01,1.000008905450792129e-01
1.780994371687892437e+09,1.400572480311994619e-02,-7.967526553989227045e-01,9.999885227330329585e-02
1.780994371698097229e+09,1.399439507025712973e-02,-7.967531175103125252e-01,9.997676458048498915e-02
1.780994371708240747e+09,1.401771747825824796e-02,-7.967453404359353675e-01,9.998999097324995367e-02
1.780994371718423843e+09,1.402327133653288871e-02,-7.967462531869199394e-01,9.999269245221070745e-02
1.780994371728639126e+09,1.401607154103171569e-02,-7.967656024966375261e-01,1.000128855974760644e-01
1.780994371738837957e+09,1.400908708182712140e-02,-7.967632843283481980e-01,1.000174941540586393e-01
1.780994371749047995e+09,1.402821531486045901e-02,-7.967623668722055852e-01,9.999192352271124573e-02
1.780994371759595156e+09,1.402026660698748976e-02,-7.967623785351811705e-01,1.000065508331894892e-01
1.780994371770407677e+09,1.401935680186424185e-02,-7.967649809918091464e-01,1.000073193290527129e-01
1.780994371780603886e+09,1.403515720988821568e-02,-7.967914284686536952e-01,1.000494508064512789e-01
1.780994371790802479e+09,1.402019946444101918e-02,-7.967858471695126177e-01,1.000115646887823617e-01
1.780994371800997257e+09,1.402052854691055415e-02,-7.967874787817311732e-01,1.000386864255017327e-01
1.780994371811254025e+09,1.405211899641905376e-02,-7.967682007397852706e-01,1.000056055588610660e-01
1.780994371821453333e+09,1.404593149592673826e-02,-7.967420704886567506e-01,9.997994859538306134e-02
1.780994371832118750e+09,1.403216773432396612e-02,-7.967549777622885410e-01,1.000179511625517992e-01
1.780994371842309713e+09,1.404510537545008812e-02,-7.967577536074245126e-01,9.999133575506113925e-02
1.780994371852653265e+09,1.405269786458815395e-02,-7.967546537057689227e-01,1.000127099519152463e-01
1.780994371862974405e+09,1.403552122658661971e-02,-7.967573301279675668e-01,9.999071661216119011e-02
1.780994371873286963e+09,1.404926755935002360e-02,-7.967688101681948964e-01,1.000264988615069406e-01
1.780994371883758545e+09,1.404362783808140586e-02,-7.967737184656183969e-01,1.000447987578371722e-01
1.780994371894294739e+09,1.405527730609061089e-02,-7.967540413452176562e-01,1.000083675649299231e-01
1.780994371904485941e+09,1.404498574167146671e-02,-7.967556558328566796e-01,1.000258139734182539e-01
1.780994371915006161e+09,1.404799735597785787e-02,-7.967696279757671141e-01,1.000455510811514848e-01
1.780994371925292969e+09,1.409169833851264472e-02,-7.967451989129343826e-01,1.000314877260413127e-01
1.780994371935539246e+09,1.406697599115791335e-02,-7.967409817236226210e-01,9.999471151288435999e-02
1.780994371946220875e+09,1.410093636406793693e-02,-7.967500764236588040e-01,1.000415911529436430e-01
1.780994371956528664e+09,1.409099091746220632e-02,-7.967422385787835681e-01,1.000299608461844847e-01
1.780994371966789961e+09,1.408841346807861508e-02,-7.967442251855505475e-01,1.000160511628486737e-01
1.780994371980774879e+09,1.408234983306651950e-02,-7.967188503557949275e-01,1.000321420315637977e-01
1.780994371993429661e+09,1.410099135544577026e-02,-7.967441733689613059e-01,1.000440548247054084e-01
1.780994372004543781e+09,1.409766957146773095e-02,-7.967238650596009109e-01,1.000090237433200469e-01
1.780994372014933348e+09,1.410967046537146136e-02,-7.967362947737803847e-01,1.000243963064447184e-01
1.780994372025280714e+09,1.411263853517141613e-02,-7.967418234685182954e-01,1.000433134607491836e-01
1.780994372035524130e+09,1.412587710858331444e-02,-7.967221658204218793e-01,1.000413704598745457e-01
1.780994372046490192e+09,1.420888154753207830e-02,-7.966850222124171044e-01,1.000713340052383771e-01
1.780994372057034731e+09,1.417432723540954648e-02,-7.966657109324075670e-01,9.999313495417283537e-02
1.780994372067373276e+09,1.418128764437390915e-02,-7.966904244086711051e-01,1.000465828435432303e-01
1.780994372077732325e+09,1.419041567138313621e-02,-7.966955721742190466e-01,1.000528668420694323e-01
1.780994372088413477e+09,1.415425141512306924e-02,-7.966573540786736629e-01,1.000257410129185565e-01
1.780994372098651409e+09,1.413803577489543273e-02,-7.966437799609973336e-01,1.000026313261060951e-01
1.780994372108978987e+09,1.415967689691704709e-02,-7.966864534703947953e-01,1.000373601864233963e-01
1.780994372119275093e+09,1.418723942749312503e-02,-7.966696987680840225e-01,1.000509203829446636e-01
1.780994372129511833e+09,1.420994337849564373e-02,-7.966381869305382279e-01,1.000684915120771956e-01
1.780994372140463352e+09,1.428828013255398037e-02,-7.965695577162049679e-01,1.000721383319322366e-01
1.780994372150688887e+09,1.423392564749897254e-02,-7.965461922389537319e-01,9.999661563375827900e-02
1.780994372160925627e+09,1.430945841347075476e-02,-7.965484164614252682e-01,1.000506384197633047e-01
1.780994372171209574e+09,1.429316884849296532e-02,-7.965956624599378477e-01,1.000637908187250735e-01
1.780994372181501389e+09,1.426630911901463628e-02,-7.965689545204965860e-01,1.000673912466069071e-01
1.780994372191723824e+09,1.422463043221387086e-02,-7.965275458068793446e-01,1.000028779125539669e-01
1.780994372201927662e+09,1.426534785877516497e-02,-7.965784345774471475e-01,1.000616547795750155e-01
1.780994372212138891e+09,1.426590386594353901e-02,-7.965914483826938008e-01,1.000510881607913904e-01
1.780994372222309113e+09,1.428207131984535888e-02,-7.965542138746175560e-01,1.000453145289871282e-01
1.780994372232478142e+09,1.434908613630967583e-02,-7.965359765396881064e-01,1.000847903963935082e-01
1.780994372242672920e+09,1.443800648088023990e-02,-7.964563375452186067e-01,1.000919188499612700e-01
1.780994372252872944e+09,1.443526202666981992e-02,-7.963876701377243794e-01,1.000348186750208979e-01
1.780994372263208628e+09,1.449862783655261715e-02,-7.964227720697922841e-01,1.000760723404854891e-01
1.780994372273439646e+09,1.447241219459718779e-02,-7.964807374792863826e-01,1.000718632868068947e-01
1.780994372284133673e+09,1.444163211781393508e-02,-7.964443531039682167e-01,1.000700182780693281e-01
1.780994372294390202e+09,1.437180046303914577e-02,-7.964280471643249149e-01,1.000509777288934865e-01
1.780994372304908991e+09,1.440215205627404932e-02,-7.964055626985563352e-01,1.000347137829776245e-01
1.780994372315250397e+09,1.442763012115596405e-02,-7.964527778715203565e-01,1.000708356948898370e-01
1.780994372325482130e+09,1.447398589222069661e-02,-7.964508547724435950e-01,1.001000450944706799e-01
1.780994372336226702e+09,1.454049188715902247e-02,-7.963764257748392472e-01,1.001021569332430361e-01
1.780994372346436977e+09,1.465565175084181278e-02,-7.962981801843384000e-01,1.000983276630980634e-01
1.780994372356652498e+09,1.457197960979522353e-02,-7.963052787768110097e-01,1.000545784107302327e-01
1.780994372367015839e+09,1.465148646852781726e-02,-7.963525622361906642e-01,1.001768180354489779e-01
1.780994372377305746e+09,1.463441710426159614e-02,-7.963991310563411918e-01,1.001557159439210309e-01
1.780994372387509823e+09,1.459199357213459419e-02,-7.963559876099415291e-01,1.001375290522471539e-01
1.780994372398517609e+09,1.454855395212541029e-02,-7.963636737577362013e-01,1.001554516040131793e-01
1.780994372408743143e+09,1.455509781685020675e-02,-7.964100962499660596e-01,1.001499360973859831e-01
1.780994372419077873e+09,1.458111395899440270e-02,-7.963801716178700030e-01,1.001494774768611484e-01
1.780994372429311514e+09,1.462029673039387870e-02,-7.963431588073391909e-01,1.001305848550406719e-01
1.780994372439531088e+09,1.472438830239357864e-02,-7.963080808950057099e-01,1.001394984103449737e-01
1.780994372451493025e+09,1.487066552665463649e-02,-7.962437707199588877e-01,1.001675650735755485e-01
1.780994372463171482e+09,1.481857128808957910e-02,-7.961859581483391457e-01,1.001312999818261273e-01
1.780994372475538969e+09,1.490075338833264651e-02,-7.962843995150643561e-01,1.002507207296134406e-01
1.780994372486465693e+09,1.485825365639907580e-02,-7.963194110961491212e-01,1.002503581049750125e-01
1.780994372496684313e+09,1.476230329186405642e-02,-7.962496734043854607e-01,1.001814222105456564e-01
1.780994372507151842e+09,1.473850776462403735e-02,-7.962409161248823475e-01,1.001812678940559587e-01
1.780994372517371655e+09,1.477742178381719583e-02,-7.962666089763216215e-01,1.001784940460252460e-01
1.780994372527586699e+09,1.484296679478646491e-02,-7.962524972591158434e-01,1.001597764958691572e-01
1.780994372538140059e+09,1.492864592010812765e-02,-7.961783515508604747e-01,1.001523875270364239e-01
1.780994372548372269e+09,1.504775549902996959e-02,-7.961028967569238057e-01,1.001582800436767728e-01
1.780994372558562040e+09,1.522164229227580129e-02,-7.960220888626373670e-01,1.002035997398288969e-01
1.780994372568750143e+09,1.512503407962320981e-02,-7.959850086258450919e-01,1.001467158177508643e-01
1.780994372578971863e+09,1.522940498199712618e-02,-7.960524959636797737e-01,1.002274127145501015e-01
1.780994372589172125e+09,1.513685091960936292e-02,-7.961166564969660575e-01,1.002468328018604748e-01
1.780994372599363565e+09,1.506228150027283906e-02,-7.960601989262305889e-01,1.002058003917123963e-01
1.780994372610093117e+09,1.502252994907618544e-02,-7.960199540263829254e-01,1.001852108293256327e-01
1.780994372620289564e+09,1.508955044726134967e-02,-7.960200206191174743e-01,1.001608348105501589e-01
1.780994372630516529e+09,1.518638191838768067e-02,-7.960124749991452919e-01,1.001670121250548551e-01
1.780994372640699387e+09,1.529502034285584559e-02,-7.959236845567246865e-01,1.001497621115557957e-01
1.780994372650990486e+09,1.548753764314311603e-02,-7.957838363646645430e-01,1.001293733692383281e-01
1.780994372661212683e+09,1.540970413825855541e-02,-7.957861041623542908e-01,1.001151199301372752e-01
1.780994372671399593e+09,1.545872189100090145e-02,-7.958495668750599217e-01,1.001831191333174553e-01
1.780994372681581497e+09,1.542809240299878801e-02,-7.958852775610201213e-01,1.001849151689233608e-01
1.780994372692391634e+09,1.532439248406525754e-02,-7.958229398955567468e-01,1.001528384770465352e-01
1.780994372702580452e+09,1.530046412227604492e-02,-7.958203058234277760e-01,1.001491516526279435e-01
1.780994372712757587e+09,1.533146885500329994e-02,-7.958875188982680315e-01,1.001667646126306321e-01
1.780994372722977638e+09,1.533992690965724388e-02,-7.958702040459810778e-01,1.001528371510229665e-01
1.780994372733515501e+09,1.538797772311012967e-02,-7.958132662543013769e-01,1.001252172317595446e-01
1.780994372744089842e+09,1.552850018434114715e-02,-7.957669886023904793e-01,1.001651060931876835e-01
1.780994372754300833e+09,1.567047565420661565e-02,-7.956838809405505364e-01,1.001509151747951853e-01
1.780994372764489412e+09,1.588571145238529617e-02,-7.955681513891944556e-01,1.001608496645779445e-01
1.780994372774682283e+09,1.579444674103643725e-02,-7.955073521789174373e-01,1.000729539835860660e-01
1.780994372784869432e+09,1.591329468620296742e-02,-7.955612466482326894e-01,1.001750142908224839e-01
1.780994372795077801e+09,1.580387168863503847e-02,-7.956617480647746321e-01,1.002159446030675416e-01
1.780994372805262804e+09,1.571671874205781902e-02,-7.956025546074865229e-01,1.001525578358667401e-01
1.780994372815498829e+09,1.571511955856570372e-02,-7.955078080402762097e-01,1.001208642821412309e-01
1.780994372826373100e+09,1.591009596775672802e-02,-7.954311288380579992e-01,1.001301339920959155e-01
1.780994372836578369e+09,1.611868710817857681e-02,-7.953578204319401435e-01,1.000929606302106145e-01
1.780994372846769810e+09,1.626420528433566992e-02,-7.952609191459253379e-01,1.001143318319260844e-01
1.780994372856958866e+09,1.630471544748234719e-02,-7.952858283711203846e-01,1.000746907849771050e-01
1.780994372867177963e+09,1.627973643379112753e-02,-7.953593614470074735e-01,1.001237183341024406e-01
1.780994372877434731e+09,1.623940304366915457e-02,-7.953617731539058822e-01,1.001228053976462862e-01
1.780994372887665510e+09,1.616294090586329474e-02,-7.953464988536189662e-01,1.001522409438800332e-01
1.780994372898250341e+09,1.612366070343741048e-02,-7.953275381600773963e-01,1.001242598487596669e-01
1.780994372908500195e+09,1.614828290641681305e-02,-7.953962099647274853e-01,1.001358894512744402e-01
1.780994372918719292e+09,1.614350549946379221e-02,-7.954102039902197774e-01,1.001519853680630789e-01
1.780994372929057598e+09,1.615725269329462699e-02,-7.953426672953984866e-01,1.001359943033501287e-01
1.780994372939345837e+09,1.623328546894087926e-02,-7.953018449113700150e-01,1.001100196250426788e-01
1.780994372950260878e+09,1.641265108980110438e-02,-7.952655444964199516e-01,1.001011441768717147e-01
1.780994372960870504e+09,1.666231354790569455e-02,-7.952245589292394889e-01,1.001280047230663772e-01
1.780994372971138954e+09,1.691840413322889813e-02,-7.951178549452655453e-01,1.001715882411629566e-01
1.780994372981431961e+09,1.681275841237290028e-02,-7.950973409991477503e-01,1.001527497147716717e-01
1.780994372992274284e+09,1.697299519819767122e-02,-7.952027101356179406e-01,1.003146777853777261e-01
1.780994373002480030e+09,1.690214223377469599e-02,-7.952641648481857395e-01,1.002934097171996330e-01
1.780994373012837410e+09,1.686979759071452131e-02,-7.951797857997608965e-01,1.002829464802005854e-01
1.780994373023235083e+09,1.695780500270459637e-02,-7.950432076567967021e-01,1.001846739943926812e-01
1.780994373033544779e+09,1.733299612334423742e-02,-7.949610490456052725e-01,1.001919248948077712e-01
1.780994373044250250e+09,1.752143527415699759e-02,-7.949478405455704388e-01,1.001833617968928558e-01
1.780994373054965973e+09,1.763164336280847663e-02,-7.949227557577946968e-01,1.001544797389982144e-01
1.780994373065334082e+09,1.767147241601684654e-02,-7.950144926975862836e-01,1.002238098002060096e-01
1.780994373076512575e+09,1.756884208017882656e-02,-7.950263985059925487e-01,1.002359488091689177e-01
1.780994373086769104e+09,1.742375008678136161e-02,-7.949381537814559362e-01,1.001634088412519663e-01
1.780994373097024679e+09,1.747984038581475857e-02,-7.949632809513870191e-01,1.001944446009541134e-01
1.780994373107267380e+09,1.753459905286640710e-02,-7.950080686947850195e-01,1.002378468024459068e-01
1.780994373117643356e+09,1.747698581992844155e-02,-7.950184157800415097e-01,1.002216813066636458e-01
1.780994373128234386e+09,1.748442097387243113e-02,-7.949779627216954081e-01,1.001843455218303092e-01
1.780994373138445854e+09,1.753445999527351168e-02,-7.949807913255030334e-01,1.002327140335124156e-01
1.780994373148657084e+09,1.767094966694623612e-02,-7.949435009926975049e-01,1.002008976678484542e-01
1.780994373159007549e+09,1.791637680156854540e-02,-7.949183557475940631e-01,1.001981041769296477e-01
1.780994373169265985e+09,1.819235909785573563e-02,-7.948408381307638937e-01,1.002264270008899061e-01
1.780994373179476976e+09,1.845742629960962083e-02,-7.947374089788795670e-01,1.002451880190034506e-01
1.780994373190254450e+09,1.834234906961653561e-02,-7.947899507408636710e-01,1.002386080922164635e-01
1.780994373200609207e+09,1.834036657834327635e-02,-7.948307041630168213e-01,1.002611397561845030e-01
1.780994373210799694e+09,1.834515862604042466e-02,-7.947783142446959159e-01,1.002250902080275563e-01
1.780994373221030712e+09,1.842100174820746755e-02,-7.946902510020565913e-01,1.001794308568838554e-01
1.780994373231214046e+09,1.872219159673002217e-02,-7.945711709609386553e-01,1.001553171708606249e-01
1.780994373241420031e+09,1.921797414760476747e-02,-7.945143903119176176e-01,1.001796365451676496e-01
1.780994373251621485e+09,1.908973313255001372e-02,-7.945438895438722282e-01,1.001740585127601224e-01
1.780994373261940479e+09,1.927128306990589374e-02,-7.945432753460430764e-01,1.001770626677337961e-01
1.780994373272129536e+09,1.919893640812074531e-02,-7.945795674541563658e-01,1.001897750449096680e-01
1.780994373282288551e+09,1.902287800980509425e-02,-7.945791059902462816e-01,1.001520855038203761e-01
1.780994373292454720e+09,1.899017301950924747e-02,-7.945175806488045112e-01,1.001422285407660984e-01
1.780994373302669287e+09,1.909632640479002469e-02,-7.945941766140818263e-01,1.002024565017964330e-01
1.780994373312874556e+09,1.908340029081136840e-02,-7.945952947216063933e-01,1.001919665149669791e-01
1.780994373323063850e+09,1.905467956516115544e-02,-7.945836165029624976e-01,1.001887296738467326e-01
1.780994373333331823e+09,1.907776914602129364e-02,-7.945667599435860540e-01,1.001901170778416450e-01
1.780994373343671322e+09,1.909448558204296723e-02,-7.945342060963578312e-01,1.001866519179126502e-01
1.780994373353876114e+09,1.929398381422495895e-02,-7.945262525596878955e-01,1.001500908567666270e-01
1.780994373364047289e+09,1.957175991164642609e-02,-7.945280972664400254e-01,1.001907311308763981e-01
1.780994373374494553e+09,1.985707197666948531e-02,-7.944870146459114268e-01,1.001794682812339743e-01
1.780994373384678364e+09,2.017219381157004873e-02,-7.944663293780701574e-01,1.002262887049015783e-01
1.780994373395002842e+09,1.997590295922565054e-02,-7.944742300847336125e-01,1.001916735164865013e-01
1.780994373405323744e+09,2.012838970264464733e-02,-7.943999697558584705e-01,1.001470585950304804e-01
1.780994373415536642e+09,2.018687608876846423e-02,-7.944411498088904677e-01,1.001571938499805081e-01
1.780994373426511765e+09,2.049392313019449130e-02,-7.943803528130749525e-01,1.001580820682282935e-01
1.780994373436737061e+09,2.099994441624703639e-02,-7.943145592484313067e-01,1.001431786359891496e-01
1.780994373447009563e+09,2.096477598164707412e-02,-7.943441111275940658e-01,1.001678185367963492e-01
1.780994373457222462e+09,2.121746453688056269e-02,-7.943192132011437367e-01,1.001064905762821811e-01
1.780994373467597246e+09,2.106728394096837875e-02,-7.943553904235474139e-01,1.001480024584230355e-01
1.780994373478495836e+09,2.096276073254257563e-02,-7.943538915450166771e-01,1.001414814034565781e-01
1.780994373488854885e+09,2.082838665792641208e-02,-7.943072480640794852e-01,1.001014999361552471e-01
1.780994373499157429e+09,2.092938514297530694e-02,-7.943132246906434712e-01,1.001156704139409270e-01
1.780994373509376287e+09,2.102837808943079645e-02,-7.943941326762066213e-01,1.001855820348401815e-01
1.780994373520318270e+09,2.094981438766130993e-02,-7.943758607385384973e-01,1.001509883481062069e-01
1.780994373530651569e+09,2.094245263672689372e-02,-7.943364910355598107e-01,1.001445977134526877e-01
1.780994373540871859e+09,2.095257195515541279e-02,-7.943183298995962760e-01,1.001439261340488773e-01
1.780994373551140070e+09,2.107007066095441944e-02,-7.943302584124682930e-01,1.001177950322755250e-01
1.780994373561363459e+09,2.132107430721491906e-02,-7.943399148689139766e-01,1.001480631725044645e-01
1.780994373572524786e+09,2.163718635027156792e-02,-7.943185470212154042e-01,1.001377489709819879e-01
1.780994373582755327e+09,2.194817919884856083e-02,-7.942951719372476349e-01,1.001173696637977506e-01
1.780994373592959404e+09,2.176133396689172370e-02,-7.943420983371871635e-01,1.001430238246246440e-01
1.780994373603144646e+09,2.197113122995770357e-02,-7.942451019152998448e-01,1.000528923600683684e-01
1.780994373613339901e+09,2.196603228715133041e-02,-7.942504714843913183e-01,1.000462138847850180e-01
1.780994373623965740e+09,2.230360197193743607e-02,-7.942703759512689254e-01,1.000355664988804016e-01
1.780994373634178638e+09,2.275287360333806339e-02,-7.942516749749897187e-01,1.000556919663456723e-01
1.780994373644346476e+09,2.271119949866172785e-02,-7.943080269171931551e-01,1.000972596236689438e-01
1.780994373654650688e+09,2.299050893179534899e-02,-7.942164939439388949e-01,9.999232948283059974e-02
1.780994373664889812e+09,2.280664528721153272e-02,-7.942332355539368782e-01,1.000073090854114444e-01
1.780994373675130606e+09,2.274885062627920312e-02,-7.943010290663733430e-01,1.000818241634400252e-01
1.780994373685300112e+09,2.261563316263969989e-02,-7.942618319711366448e-01,1.000763784510672605e-01
1.780994373695495844e+09,2.267943623734166789e-02,-7.942088380120280178e-01,1.000410904484031471e-01
1.780994373706280708e+09,2.279062751316333207e-02,-7.942672865960105355e-01,1.000515092301978437e-01
1.780994373716452599e+09,2.277288737276711786e-02,-7.942887595418065549e-01,1.000572834412902790e-01
1.780994373726644516e+09,2.274116379979779917e-02,-7.942384129639050716e-01,1.000363162650331761e-01
1.780994373736844540e+09,2.275603603736515990e-02,-7.942324600359332853e-01,1.000461981470480710e-01
1.780994373747267246e+09,2.279691191543393308e-02,-7.942315792931169405e-01,1.000425021326594166e-01
1.780994373757478476e+09,2.297237615098881788e-02,-7.942588386294862079e-01,1.000519836464955348e-01
1.780994373768368244e+09,2.330284941093146642e-02,-7.942391848993178849e-01,1.000579146854029822e-01
1.780994373778563261e+09,2.355131429739801621e-02,-7.942223739549818529e-01,1.000086218623378875e-01
1.780994373788737774e+09,2.373926781214854079e-02,-7.942225720280504664e-01,9.998367007166930609e-02
1.780994373799070835e+09,2.363090365686898453e-02,-7.941989932469570856e-01,9.993418679219517875e-02
1.780994373809406042e+09,2.373750695198308808e-02,-7.941171502143391514e-01,9.986413825806522704e-02
1.780994373820120811e+09,2.393998568542215349e-02,-7.941833885124556236e-01,9.988434430233539274e-02
1.780994373830314159e+09,2.426783789086418494e-02,-7.941920343505166624e-01,9.983789798185754849e-02
1.780994373840777397e+09,2.468544899141249249e-02,-7.941881678458940774e-01,9.985967445376581209e-02
1.780994373850999355e+09,2.463882011886247420e-02,-7.942116577697948543e-01,9.989514974456564778e-02
1.780994373861215115e+09,2.470094986008955842e-02,-7.941074839251756057e-01,9.978513308455988495e-02
1.780994373871378899e+09,2.455267591599110538e-02,-7.941582258005762673e-01,9.983411851605450416e-02
1.780994373884026289e+09,2.444967783661573454e-02,-7.941897683696819144e-01,9.986006904810285079e-02
1.780994373899255753e+09,2.453416395743748465e-02,-7.941164711928158093e-01,9.984787929298383213e-02
1.780994373909525394e+09,2.463319612962452249e-02,-7.941763627517425261e-01,9.987418689530941363e-02
1.780994373920122862e+09,2.458370805180624605e-02,-7.941891776840908079e-01,9.985494826124885481e-02
1.780994373930420399e+09,2.455535363574715135e-02,-7.941476886263384438e-01,9.986806903956124692e-02
1.780994373940656900e+09,2.451004937104560993e-02,-7.941322616079270480e-01,9.983257699807351893e-02
1.780994373950876951e+09,2.454115217929787873e-02,-7.941385129100234641e-01,9.982637423679247002e-02
1.780994373961083651e+09,2.474499602533470136e-02,-7.942134236780454826e-01,9.988628786926839753e-02
1.780994373971258640e+09,2.496199496873409418e-02,-7.941723069780856070e-01,9.982852312525836158e-02
1.780994373981448174e+09,2.515912468719647133e-02,-7.941658684073271690e-01,9.981084229723491408e-02
1.780994373992088795e+09,2.555071820627657225e-02,-7.942286046106432629e-01,9.977067288288765656e-02
1.780994374002269268e+09,2.562347773511072443e-02,-7.942414287228011238e-01,9.972798243250197148e-02
1.780994374012448311e+09,2.591308524976317432e-02,-7.941725018066311259e-01,9.960882588382063973e-02
1.780994374022637606e+09,2.638310653685164639e-02,-7.942210100922406646e-01,9.960243441810373577e-02
1.780994374032959700e+09,2.616236895671536153e-02,-7.943620253775719453e-01,9.970878729193372036e-02
1.780994374043177366e+09,2.640188346649948239e-02,-7.941697354265294662e-01,9.955276807085633450e-02
1.780994374053353310e+09,2.634439007060336221e-02,-7.941541089436132683e-01,9.962932839909133254e-02
1.780994374063555002e+09,2.629734489631057465e-02,-7.942493385340558820e-01,9.968624675794690582e-02
1.780994374074317217e+09,2.617889889848819610e-02,-7.942488906813310878e-01,9.969668708398521373e-02
1.780994374084563971e+09,2.621259784577155069e-02,-7.942305206058214440e-01,9.971850384222280539e-02
1.780994374094893217e+09,2.621469321664420676e-02,-7.942011127669516002e-01,9.970167816850433740e-02
1.780994374105111599e+09,2.622336838577795509e-02,-7.942386955284154171e-01,9.970532710619728345e-02
1.780994374115326166e+09,2.628323001644252560e-02,-7.942550737348728074e-01,9.972683061889497935e-02
1.780994374126053810e+09,2.627073286335816424e-02,-7.942214710412246470e-01,9.967962546471703655e-02
1.780994374136300325e+09,2.636090299900929398e-02,-7.942127976002799628e-01,9.967456329515311797e-02
1.780994374146592617e+09,2.646578419507819580e-02,-7.942654004662859091e-01,9.971226866268018130e-02
1.780994374156786203e+09,2.652201226670686598e-02,-7.942805984706231559e-01,9.970925333642660648e-02
1.780994374167077780e+09,2.669408423270583017e-02,-7.942757288460584597e-01,9.965931109344844385e-02
1.780994374177276134e+09,2.694183187540140356e-02,-7.943271124281456874e-01,9.966531527249261613e-02
1.780994374187504053e+09,2.707857621153652444e-02,-7.943935113749878152e-01,9.968686264147486042e-02
1.780994374198270559e+09,2.702921388540891617e-02,-7.943786004842003923e-01,9.968538574124158336e-02
1.780994374208582640e+09,2.713976558542900708e-02,-7.943253366927249814e-01,9.966208779670149287e-02
1.780994374219089508e+09,2.731915571806784598e-02,-7.944185242013386272e-01,9.970530302877844697e-02
1.780994374229439735e+09,2.760341120437032406e-02,-7.945425082723178711e-01,9.967558763006911793e-02
1.780994374240662575e+09,2.786711675391683601e-02,-7.946455605317992443e-01,9.976314538838820800e-02
1.780994374250988722e+09,2.790564590337677939e-02,-7.945393913000695640e-01,9.967108648540151661e-02
1.780994374261215210e+09,2.782021130592916142e-02,-7.944609062801137878e-01,9.961320786677352324e-02
1.780994374271528006e+09,2.775109218430546823e-02,-7.945041038269708977e-01,9.966005946937323001e-02
1.780994374282641888e+09,2.767439645552089225e-02,-7.945831482850578276e-01,9.971498870341505283e-02
1.780994374292938232e+09,2.775923536134863173e-02,-7.945021909858834830e-01,9.967008708727054245e-02
1.780994374303054094e+09,2.787311542803836903e-02,-7.944989992209898766e-01,9.969434904764862271e-02
1.780994374313283920e+09,2.786959486848319609e-02,-7.945425374830678011e-01,9.972359682490916644e-02
1.780994374323507547e+09,2.783848876840023384e-02,-7.945492548516861486e-01,9.972946845506630575e-02
1.780994374334370852e+09,2.779834948990252824e-02,-7.945314708218516042e-01,9.968826798011093393e-02
1.780994374344591379e+09,2.779322671683494630e-02,-7.944838099941993192e-01,9.963369827715079508e-02
1.780994374354939938e+09,2.797616648619106333e-02,-7.945624097826505805e-01,9.966193779730159186e-02
1.780994374365285635e+09,2.820128112615240268e-02,-7.946405217455814185e-01,9.966343509002978385e-02
1.780994374375583410e+09,2.846693332935479326e-02,-7.947283164581864234e-01,9.961273291053035495e-02
1.780994374386565208e+09,2.838064400239078203e-02,-7.948180911574056484e-01,9.971681583300495699e-02
1.780994374397809267e+09,2.841203515692693887e-02,-7.946192509997728193e-01,9.954307070629686560e-02
1.780994374411272049e+09,2.836378897865152182e-02,-7.946607500085731690e-01,9.960209185959351119e-02
1.780994374423033714e+09,2.839017413035619525e-02,-7.947285405412159998e-01,9.962728921222646639e-02
1.780994374433377981e+09,2.852474781329285627e-02,-7.947593998783238911e-01,9.965056393974064397e-02
1.780994374444715500e+09,2.884447699482328709e-02,-7.948134849277730396e-01,9.965035255708870610e-02
1.780994374454990864e+09,2.899849842242533879e-02,-7.949208544689716494e-01,9.967026170766668525e-02
1.780994374465190411e+09,2.892013830193027046e-02,-7.948924436338791200e-01,9.963538872308980165e-02
1.780994374475371838e+09,2.889519292215471380e-02,-7.947762136753419027e-01,9.958747392688477307e-02
1.780994374485551596e+09,2.884582506395173829e-02,-7.947361126961854927e-01,9.954266508956466364e-02
1.780994374495793343e+09,2.885653033252716035e-02,-7.948706727708028108e-01,9.962268963009940359e-02
1.780994374506274700e+09,2.894091704034549434e-02,-7.948503391502196314e-01,9.961715626266404167e-02
1.780994374516635656e+09,2.893476129953893167e-02,-7.947930597176960932e-01,9.958714590556899671e-02
1.780994374526859283e+09,2.890518869502159069e-02,-7.948255460876347822e-01,9.962613304563883165e-02
1.780994374537147284e+09,2.887993711914676326e-02,-7.948464388871525621e-01,9.959683245640099658e-02
1.780994374547335148e+09,2.886252996461329337e-02,-7.948608202682435619e-01,9.958805144987242786e-02
1.780994374557550192e+09,2.899383891848972272e-02,-7.948409663152748994e-01,9.956209793715942169e-02
1.780994374568271160e+09,2.935190544091697759e-02,-7.949347291502453228e-01,9.953127451373289247e-02
1.780994374578459024e+09,2.945310002387413126e-02,-7.950947772147926029e-01,9.962362134445390538e-02
1.780994374588642120e+09,2.956419732206047243e-02,-7.949744874660645833e-01,9.952041148267726234e-02
1.780994374598869085e+09,2.948035206397364022e-02,-7.948946711096337436e-01,9.945717217861083093e-02
1.780994374609049082e+09,2.941663949050487767e-02,-7.949384889396049481e-01,9.949157535164754318e-02
1.780994374619250059e+09,2.935094497473590691e-02,-7.950265826796586444e-01,9.951840970433017963e-02
1.780994374629427910e+09,2.943802565507391486e-02,-7.950353348542896770e-01,9.951816963606108235e-02
1.780994374640087366e+09,2.961835666007504864e-02,-7.950517104867556029e-01,9.951173888486369856e-02
1.780994374650353193e+09,2.984637205152396514e-02,-7.951847768316274712e-01,9.953350443440539541e-02
1.780994374660568476e+09,2.978395645798963959e-02,-7.952545557891064210e-01,9.962696162922990428e-02
1.780994374670751333e+09,2.980565204350796998e-02,-7.951385001472991432e-01,9.952915613450979970e-02
1.780994374680940628e+09,2.972467252445559760e-02,-7.950870583868798747e-01,9.951339728032293497e-02
1.780994374691180468e+09,2.970311506139887078e-02,-7.951961574842690839e-01,9.955425072008011744e-02
1.780994374701332569e+09,2.975585184884853990e-02,-7.952095379921176876e-01,9.955587356430761758e-02
1.780994374713608503e+09,2.971547006095471427e-02,-7.951333969329275053e-01,9.951218100187381177e-02
1.780994374724667311e+09,2.969413775955609749e-02,-7.951292509565067723e-01,9.948696221611758039e-02
1.780994374734830618e+09,2.969024944978434360e-02,-7.951661877277256263e-01,9.951533899511944004e-02
1.780994374745004892e+09,2.974083133581248428e-02,-7.951946607805262524e-01,9.950309304130322552e-02
1.780994374755326986e+09,2.980306016079937656e-02,-7.952066865939737550e-01,9.948955460955044572e-02
1.780994374765629292e+09,3.004039407243722787e-02,-7.953417945981386961e-01,9.951067556677345438e-02
1.780994374775859594e+09,3.015624010551009107e-02,-7.955685592408493489e-01,9.964463937770207114e-02
1.780994374786039829e+09,3.027809145993497209e-02,-7.953811365610109485e-01,9.943359104997545606e-02
1.780994374796635389e+09,3.014681201918447892e-02,-7.952886934174555611e-01,9.941689330074487962e-02
1.780994374806962490e+09,3.009921779114919232e-02,-7.953666123560052537e-01,9.946181599616366054e-02
1.780994374817239761e+09,3.001227342066793008e-02,-7.953986158606977108e-01,9.943551667366812286e-02
1.780994374827491522e+09,3.000184203268967120e-02,-7.954168987635280574e-01,9.946696859027448490e-02
1.780994374838315964e+09,3.009878159502270278e-02,-7.953661486170131578e-01,9.945935522042376187e-02
1.780994374848599911e+09,3.021713797338843391e-02,-7.954776148770419386e-01,9.946931824928545440e-02
1.780994374858832359e+09,3.043283815202712031e-02,-7.956282607231651705e-01,9.952904672771389905e-02
1.780994374869040012e+09,3.051238870715918330e-02,-7.957545167049754342e-01,9.952189378176917733e-02
1.780994374879295588e+09,3.053355652985731070e-02,-7.956802772644333555e-01,9.946937085060419959e-02
1.780994374889485121e+09,3.047931717290383244e-02,-7.955883822495618540e-01,9.940892312487475957e-02
1.780994374899830341e+09,3.047127106716337325e-02,-7.956309983560179155e-01,9.938717526983414929e-02
1.780994374909997225e+09,3.043265974542307822e-02,-7.956911282674418162e-01,9.939137952546422961e-02
1.780994374920221806e+09,3.044868475849235243e-02,-7.956707154212563360e-01,9.940839645120791435e-02
1.780994374930510283e+09,3.041405480087334273e-02,-7.955745537979906912e-01,9.936857171493451713e-02
1.780994374940711498e+09,3.043231502336236557e-02,-7.956325274537439096e-01,9.938229355467620429e-02
1.780994374950912714e+09,3.052564395702874953e-02,-7.957333865553228858e-01,9.946038867306072895e-02
1.780994374961227894e+09,3.066790788095421008e-02,-7.958290167058710285e-01,9.945492451743964679e-02
1.780994374971585274e+09,3.085533626124193143e-02,-7.959150826218311936e-01,9.942836503914215251e-02
1.780994374982070208e+09,3.088057009552281143e-02,-7.959199206057515630e-01,9.941322169608823867e-02
1.780994374992302656e+09,3.086660100881110855e-02,-7.958282893367623068e-01,9.932743772200786081e-02
1.780994375002590656e+09,3.079913155932088517e-02,-7.958178139234802773e-01,9.929532007408925498e-02
1.780994375012934923e+09,3.077753366805770566e-02,-7.958801421487460281e-01,9.931123512518036378e-02
1.780994375023241997e+09,3.074288105496350912e-02,-7.958430899300429351e-01,9.927674992713164670e-02
1.780994375033479691e+09,3.073080320263287674e-02,-7.958027686614238538e-01,9.928549118179946786e-02
1.780994375044341803e+09,3.081512288750009806e-02,-7.958777107509753534e-01,9.931711203308396518e-02
1.780994375054590225e+09,3.091741711319497682e-02,-7.959947208842128585e-01,9.940053688843786261e-02
1.780994375064832449e+09,3.109129440442454095e-02,-7.961155844638919676e-01,9.942402714591314083e-02
1.780994375075073481e+09,3.124747571378356722e-02,-7.962785034738349976e-01,9.943505639814448349e-02
1.780994375085319996e+09,3.120770741856952052e-02,-7.963538371425852302e-01,9.946679783920930884e-02
1.780994375095662832e+09,3.123449606243595272e-02,-7.961920702609499578e-01,9.932398027910216420e-02
1.780994375106212616e+09,3.119371463422341076e-02,-7.961771742414903708e-01,9.929880449296335510e-02
1.780994375116437674e+09,3.114280231349620537e-02,-7.962401369713206778e-01,9.929380487553862711e-02
1.780994375126667976e+09,3.118206296257362148e-02,-7.962806416711254442e-01,9.929706800576659775e-02
1.780994375136900902e+09,3.120028629928370614e-02,-7.962726146041213537e-01,9.928875716135737717e-02
1.780994375147193193e+09,3.125952818521113286e-02,-7.963450463507441013e-01,9.930749636201474662e-02
1.780994375157416344e+09,3.142046737710674914e-02,-7.965314956441846839e-01,9.940311618132807725e-02
1.780994375168087006e+09,3.145248802766485718e-02,-7.967381298527774769e-01,9.957220138737055137e-02
1.780994375178309917e+09,3.154116011770172895e-02,-7.965878658215596042e-01,9.943539557987562949e-02
1.780994375188543320e+09,3.147818884986119947e-02,-7.965290833585747521e-01,9.939288282778102612e-02
1.780994375198874712e+09,3.151794480577926882e-02,-7.965575370995052751e-01,9.937047616594946176e-02
1.780994375209202290e+09,3.148964924361582346e-02,-7.966243600780410494e-01,9.937327715411620188e-02
1.780994375219399691e+09,3.146187793335555871e-02,-7.965460278798222049e-01,9.930675860413562539e-02
1.780994375229892492e+09,3.142229975953602511e-02,-7.964420759413001205e-01,9.928060599415822196e-02
1.780994375240138292e+09,3.144054330269029085e-02,-7.965204635868987637e-01,9.932330382929738244e-02
1.780994375250314236e+09,3.147102384517407730e-02,-7.966162969328699495e-01,9.937337066453344470e-02
1.780994375260524035e+09,3.152654152472354754e-02,-7.966992425282852786e-01,9.942092557484694115e-02
1.780994375270696402e+09,3.162338619349536195e-02,-7.967758132592436260e-01,9.942935472609648606e-02
1.780994375280910730e+09,3.179404770232368421e-02,-7.969633312315952400e-01,9.941978246166832678e-02
1.780994375291125774e+09,3.176623051319728275e-02,-7.970864878622653249e-01,9.946484048356613039e-02
